Marca,Modelo,Version
AUDI,4000,
AUDI,A1,
AUDI,A3,
AUDI,A4,
AUDI,A5,
AUDI,A6,
AUDI,A7,
AUDI,A8,
AUDI,Q2,
AUDI,Q3,
AUDI,Q5,
AUDI,Q7,
AUDI,R8,
AUDI,RS3,
AUDI,RS4,
AUDI,S3,
AUDI,S4,
AUDI,S5,
AUDI,S6,
AUDI,S8,
AUDI,TT,
BAIC,D20,
BAIC,X25,
BAIC,X35,
BAIC,X55,
BAIC,M20,
BAIC,PLUS,
BMW,114i,
BMW,116i,
BMW,118I,
BMW,"120i, 120Ci",
BMW,130i,
BMW,135i,
BMW,1M,
BMW,220I,
BMW,"316, 316-i",
BMW,"318, 318-i",
BMW,"320, 320-i, 320-D",
BMW,"323-i, 323-CI",
BMW,"325-i, 325-CI",
BMW,"328-i, 328-XI",
BMW,"330-i, 330-CI",
BMW,"335-i, 325CI",
BMW,340i,
BMW,"420i, 420GCI",
BMW,428i,
BMW,435i,
BMW,"520, 520-I",
BMW,"523-I, 523-IA",
BMW,525i,
BMW,528-I,
BMW,530i,
BMW,"535-I, 535iGT",
BMW,540-I,
BMW,550i,
BMW,640i,
BMW,650i,
BMW,740i,
BMW,"750i, 750LI",
BMW,M135i,
BMW,M2,
BMW,M235i,
BMW,M3,
BMW,M4,
BMW,M6,
BMW,X1,
BMW,"X1 18i, 20i, 28i",
BMW,"X3 20i, 25i, 28i, 30d/i, 35i",
BMW,X4 20i. 28i,
BMW,"X5 30d/i, 35i, 44I, 48i, M",
BMW,"X6 30d, 35i, 50i, M",
BRILLIANCE,FRV,
BRILLIANCE,H220,
BRILLIANCE,H230,
BRILLIANCE,H530,
BRILLIANCE,V3,
BRILLIANCE,V5,
BYD,F0,
BYD,F3,
BYD,S6,
CHANGAN,CS15,
CHANGAN,CS35,
CHANGAN,CS75,
CHANGAN,CX70,
CHERY,ARRIZO,
CHERY,BEAT,
CHERY,FULLWIN,
CHERY,QQ,
CHERY,Q22,
CHERY,S22,
CHERY,S22,
CHERY,TIGGO 2,
CHERY,TIGGO 3,
CHERY,TIGGO 4,
CHEVROLET,AVEO,
CHEVROLET,BLAZER,
CHEVROLET,CAMARO,
CHEVROLET,CAPTIVA,
CHEVROLET,CAVALIER,
CHEVROLET,CHEVELLE,
CHEVROLET,CHEVY TAXY,
CHEVROLET,COBALT,
CHEVROLET,COLORADO,
CHEVROLET,CORSA,
CHEVROLET,CORSICA,
CHEVROLET,CORVETTE,
CHEVROLET,CRUZE,
CHEVROLET,EQUINOX,
CHEVROLET,MALIBU,
CHEVROLET,MONTECARLO,
CHEVROLET,MONZA,
CHEVROLET,N-200,
CHEVROLET,N-300,
CHEVROLET,ONIX,
CHEVROLET,OPTRA,
CHEVROLET,ORLANDO,
CHEVROLET,PRISMA,
CHEVROLET,S-10,
CHEVROLET,SAIL,
CHEVROLET,SILVERADO,
CHEVROLET,SONIC,
CHEVROLET,SPARK,
CHEVROLET,SPIN,
CHEVROLET,SUBURBAN,
CHEVROLET,TAHOE,
CHEVROLET,TRACKER,
CHEVROLET,TRAIL-BLAZER,
CHEVROLET,TRAVERSE,
CHEVROLET,VIVANT,
CHEVROLET,ZAFIRA,
CITROEN,BERLINGO,
CITROEN,C3,
CITROEN,C4,
CITROEN,C5,
CITROEN,C-ELYSEE,
CITROEN,DS3,
CITROEN,DS4,
CITROEN,PICASSO,
CITROEN,JUMPER,
DAEWOO,CIELO,
DAEWOO,DAMAS,
DAEWOO,ESPERO,
DAEWOO,LANOS,
DAEWOO,LEGANZA,
DAEWOO,LEMANS,
DAEWOO,MAGNUS,
DAEWOO,MATIZ,
DAEWOO,MUSSO,
DAEWOO,NUBIRA,
DAEWOO,PRINCE,
DAEWOO,RACER,
DAEWOO,TICO,
DAEWOO,TOSCA,
DAIHATSU,CHARADE,
DAIHATSU,CUORE,
DAIHATSU,DELTA,
DAIHATSU,F20,
DAIHATSU,FEROZA,
DAIHATSU,TERIOS,
DODGE,100,
DODGE,500,
DODGE,CALIBER,
DODGE,CARAVAN,
DODGE,CHALLENGER,
DODGE,CORONET,
DODGE,DART,
DODGE,DURANGO,
DODGE,JOURNEY,
DODGE,MAGNUM,
DODGE,NEON,
DODGE,NITRO,
DODGE,POLARA,
DODGE,RAM,
DODGE,RAM 2500,
DODGE,RAM-1500,
DONGFENG,CITYVAN,
DONGFENG,MINIVAN,
DONGFENG,S-30,
DONGFENG,SUCCE,
DONGFENG,SUPERVAN,
DONGFENG,ZNA,
FAW,ACTIS,
FAW,D60,
FAW,N5 1.0,
FAW,SIRIUS,
FORD,BRONCO,
FORD,CORTINA,
FORD,ECO SPORT,
FORD,EDGE,
FORD,ESCAPE,
FORD,ESCORT,
FORD,EXPEDITION,
FORD,EXPLORER,
FORD,F-150,
FORD,F-250,
FORD,F-350,
FORD,F-450,
FORD,FESTIVA,
FORD,FIESTA,
FORD,FOCUS,
FORD,FUSION,
FORD,GALAXIE,
FORD,GRANADA,
FORD,LASER,
FORD,MUSTANG,
FORD,RANGER,
FORD,RAPTOR,
FORD,TAURUS,
FORD,THUNDERBIRD,
FORD,TRANSIT,
FORD,WINDSTAR,
FOTON,AUMAN,
FOTON,SAUVANA,
GEELY,EC-7,
GEELY,GC2,
GEELY,GC5,
GEELY,GC6,
GEELY,GC7,
GREATWALL,3,
GREATWALL,5,
GREATWALL,6,
GREATWALL,C30,
GREATWALL,M4,
GREATWALL,WINGLE,
HAVAL,H2,
HAVAL,H3,
HAVAL,H6,
HINO,300,
HINO,500,
HINO,700,
HINO,DUTRO,
HINO,FC,
HINO,FG,
HINO,FM,
HINO,GH,
HONDA,ACCORD,
HONDA,ACURA,
HONDA,CITY,
HONDA,CIVIC,
HONDA,CR-V,
HONDA,CR-Z,
HONDA,Fit,
HONDA,HR-V,
HONDA,INTEGRA,
HONDA,LEGEND,
HONDA,ODYSSEY,
HONDA,PARTNER,
HONDA,PASSPORT,
HONDA,PILOT,
HONDA,PRELUDE,
HONDA,RIDGELINE,
HONDA,WR-V,
HYUNDAI,ACCENT,
HYUNDAI,AVANTE,
HYUNDAI,COUNTY,
HYUNDAI,COUPE,
HYUNDAI,CRETA,
HYUNDAI,ELANTRA,
HYUNDAI,EON,
HYUNDAI,EQUUS,
HYUNDAI,EXCEL,
HYUNDAI,GALLOPER,
HYUNDAI,GENESIS,
HYUNDAI,GETZ,
HYUNDAI,H1,
HYUNDAI,H100,
HYUNDAI,HD 120,
HYUNDAI,HD 160,
HYUNDAI,HD 250,
HYUNDAI,HD 45,
HYUNDAI,HD 65,
HYUNDAI,HD 72,
HYUNDAI,HD 78,
HYUNDAI,I10,
HYUNDAI,I20,
HYUNDAI,I30,
HYUNDAI,MATRIX,
HYUNDAI,MIGHTY,
HYUNDAI,PORTER,
HYUNDAI,SANTA FE,
HYUNDAI,SONATA,
HYUNDAI,STAREX,
HYUNDAI,TERRACAN,
HYUNDAI,TIBURON,
HYUNDAI,TUCSON,
HYUNDAI,TUSCANI,
HYUNDAI,VELOSTER,
HYUNDAI,VERACRUZ,
HAVAL,H2,
HAVAL,H3,
HAVAL,H6,
JAC,J2,
JAC,J3,
JAC,,
JAC,J4,
JEEP,CHEROKEE,
JEEP,COMMANDER,
JEEP,COMPASS,
JEEP,LANDWIN,
JEEP,LIBERTY,
JEEP,PATRIOT,
JEEP,RENEGADE,
JEEP,RUBICON,
JEEP,WAGONEER,
JEEP,WRANGLER,
KIA,BESTA,
KIA,CADENZA,
KIA,CARENS,
KIA,CARNIVAL,
KIA,CERATO,
KIA,K-2500,
KIA,K-2700,
KIA,K-3000,
KIA,KOUP,
KIA,LOTZE,
KIA,MOHAVE,
KIA,OPIRUS,
KIA,OPTIMA,
KIA,PICANTO,
KIA,PRIDE,
KIA,QUORIS,
KIA,RIO,
KIA,SEDONA,
KIA,SEPHIA,
KIA,SORENTO,
KIA,SOUL,
KIA,SPORTAGE,
KIA,STINGER,
KIA,TOWNER,
LAND ROVER,DEFENDER,
LAND ROVER,DISCOVERY,
LAND ROVER,FREELANDER,
LAND ROVER,RANGE ROVER,
LAND ROVER,SANTANA,
LIFAN,320,
LIFAN,330,
LIFAN,520,
LIFAN,620,
LIFAN,630,
LIFAN,X60,
MAHINDRA,SCORPIO,
MAHINDRA,PICK UP,
MAHINDRA,XUV 500,
MAZDA,2,
MAZDA,3,
MAZDA,5,
MAZDA,6,
MAZDA,121,
MAZDA,323,
MAZDA,626,
MAZDA,B-2300,
MAZDA,B-2500,
MAZDA,B-2600,
MAZDA,B-2900,
MAZDA,BONGO,
MAZDA,BT-50,
MAZDA,CX-3,
MAZDA,CX-5,
MAZDA,CX-7,
MAZDA,CX-9,
MAZDA,DEMIO,
MAZDA,FAMILIA,
MAZDA,MPV,
MAZDA,MX 5,
MAZDA,PREMACY,
MAZDA,PROTEGE,
MAZDA,ROADSTER,
MAZDA,RX-7,
MAZDA,RX-8,
MAZDA,SPEED3,
MAZDA,TRIBUTE,
MERCEDES BENZ,180,
MERCEDES BENZ,"190, 190-E",
MERCEDES BENZ,200,
MERCEDES BENZ,"230,230-E",
MERCEDES BENZ,260,
MERCEDES BENZ,280,
MERCEDES BENZ,"300, 300E",
MERCEDES BENZ,450,
MERCEDES BENZ,A200,
MERCEDES BENZ,A250,
MERCEDES BENZ,A45 AMG,
MERCEDES BENZ,AMGT GT,
MERCEDES BENZ,B180,
MERCEDES BENZ,B200,
MERCEDES BENZ,"C-180, C180K",
MERCEDES BENZ,"C-200, C200K",
MERCEDES BENZ,C-220,
MERCEDES BENZ,"C-230, C 230K",
MERCEDES BENZ,C-240,
MERCEDES BENZ,C-250,
MERCEDES BENZ,C-280,
MERCEDES BENZ,C-300,
MERCEDES BENZ,C-320,
MERCEDES BENZ,C-350,
MERCEDES BENZ,C32-AMG,
MERCEDES BENZ,C55-AMG,
MERCEDES BENZ,C63-AMG,
MERCEDES BENZ,CL-500,
MERCEDES BENZ,CL420,
MERCEDES BENZ,CLA 180,
MERCEDES BENZ,CLA 200,
MERCEDES BENZ,CLA 250,
MERCEDES BENZ,CLA 45,
MERCEDES BENZ,CLC 200,
MERCEDES BENZ,CLK-200,
MERCEDES BENZ,CLK-230 KOMPRESSOR,
MERCEDES BENZ,CLK-320,
MERCEDES BENZ,CLS 63 AMG,
MERCEDES BENZ,CLS-350,
MERCEDES BENZ,CLS55AMG,
MERCEDES BENZ,E-200 KOMPRESSOR,
MERCEDES BENZ,E-240,
MERCEDES BENZ,E-250,
MERCEDES BENZ,E-280,
MERCEDES BENZ,E-300,
MERCEDES BENZ,E-320,
MERCEDES BENZ,E-350,
MERCEDES BENZ,E-500,
MERCEDES BENZ,G-500,
MERCEDES BENZ,GL-400,
MERCEDES BENZ,GL-450,
MERCEDES BENZ,GL-500,
MERCEDES BENZ,GL-550,
MERCEDES BENZ,GLA-45,
MERCEDES BENZ,GLA-200,
MERCEDES BENZ,GLA-250,
MERCEDES BENZ,GLC-250,
MERCEDES BENZ,GLE-63,
MERCEDES BENZ,GLE-400,
MERCEDES BENZ,GLK 280,
MERCEDES BENZ,GLK 300,
MERCEDES BENZ,GLK 350,
MERCEDES BENZ,ML 300,
MERCEDES BENZ,ML 320,
MERCEDES BENZ,ML 350,
MERCEDES BENZ,ML 500,
MERCEDES BENZ,ML63 AMG,
MERCEDES BENZ,S280,
MERCEDES BENZ,S320,
MERCEDES BENZ,S430,
MERCEDES BENZ,S500,
MERCEDES BENZ,SEC380,
MERCEDES BENZ,SL-300,
MERCEDES BENZ,SL-500,
MERCEDES BENZ,SLK 200K,
MERCEDES BENZ,SLK 230 KOMPRESSOR,
MERCEDES BENZ,SLK 300,
MERCEDES BENZ,SLK 350,
MERCEDES BENZ,SPRINTER,
MG,3,
MG,350,
MG,5,
MG,GT,
MINI,CABRIO,
MINI,CLN,
MINI,COOPER,
MINI,MORRIS,
MITSUBISHI,ASX,
MITSUBISHI,DION,
MITSUBISHI,ECLIPSE,
MITSUBISHI,FTO,
MITSUBISHI,GALANT,
MITSUBISHI,L200,
MITSUBISHI,L300,
MITSUBISHI,LANCER,
MITSUBISHI,LIBERO,
MITSUBISHI,MIRAGE,
MITSUBISHI,MONTERO,
MITSUBISHI,MONTERO SPORT,
MITSUBISHI,NATIVA,
MITSUBISHI,OUTLANDER,
MITSUBISHI,PAJERO,
NISSAN,720,
NISSAN,240-SX,
NISSAN,350Z,
NISSAN,370Z,
NISSAN,AD,
NISSAN,ALMERA,
NISSAN,ALTIMA,
NISSAN,BLUEBIRD,
NISSAN,FIERA,
NISSAN,FRONTIER,
NISSAN,GT-R,
NISSAN,HARDBODY,
NISSAN,JUKE,
NISSAN,LAFESTA,
NISSAN,LARGO,
NISSAN,LAUREL,
NISSAN,LUCINO,
NISSAN,MARCH,
NISSAN,MAXIMA,
NISSAN,MICRA,
NISSAN,MURANO,
NISSAN,NAVARRA,
NISSAN,NOTE,
NISSAN,NP 300,
NISSAN,PATHFINDER,
NISSAN,PATROL,
NISSAN,PRESEA,
NISSAN,PRIMERA,
NISSAN,PULSAR,
NISSAN,QASHQAI,
NISSAN,SENTRA 1.8,
NISSAN,SENTRA 2.0,
NISSAN,SENTRA V16,
NISSAN,SILVIA,
NISSAN,SKYLINE,
NISSAN,SUNNY,
NISSAN,TEANA,
NISSAN,TERRANO,
NISSAN,TIIDA,
NISSAN,URVAN,
NISSAN,VERSA,
NISSAN,WINGROAD,
NISSAN,X-TERRA,
NISSAN,X-TRAIL,
PEUGEOT,106,
PEUGEOT,201,
PEUGEOT,203,
PEUGEOT,205,
PEUGEOT,206,
PEUGEOT,207,
PEUGEOT,208,
PEUGEOT,301,
PEUGEOT,304,
PEUGEOT,306,
PEUGEOT,307,
PEUGEOT,308,
PEUGEOT,404,
PEUGEOT,405,
PEUGEOT,406,
PEUGEOT,407,
PEUGEOT,505,
PEUGEOT,508,
PEUGEOT,605,
PEUGEOT,607,
PEUGEOT,3008,
PEUGEOT,BIPPER,
PEUGEOT,BOXER,
PEUGEOT,EXPERT,
PEUGEOT,PARTNER,
PEUGEOT,RCZ COUPE,
PEUGEOT,TEPEE,
PORSCHE,911,
PORSCHE,BOXSTER,
PORSCHE,CAYENNE,
PORSCHE,CAYMAN-S,
PORSCHE,MACAN,
PORSCHE,PANAMERA TURBO,
RENAULT,CAPTUR,
RENAULT,CLIO,
RENAULT,DUSTER,
RENAULT,FLUENCE,
RENAULT,FUEGO,
RENAULT,KANGOO,
RENAULT,KOLEOS,
RENAULT,LAGUNA,
RENAULT,LOGAN,
RENAULT,MASTER,
RENAULT,MEGANE,
RENAULT,OROCH,
RENAULT,SANDERO,
RENAULT,SCENIC,
RENAULT,STEPWAY,
RENAULT,SYMBOL,
SEAT,IBIZA,
SEAT,LEON,
SSANGYONG,ACTYON,
SSANGYONG,KORANDO,
SSANGYONG,REXTON,
SSANGYONG,RODIUS,
SSANGYONG,TIVOLI,
SUBARU,1300,
SUBARU,BRZ,
SUBARU,FORESTER,
SUBARU,GL,
SUBARU,IMPREZA,
SUBARU,IMPREZA GT,
SUBARU,LEGACY,
SUBARU,LEONE,
SUBARU,OUTBACK,
SUBARU,PLEO,
SUBARU,SAMBAR,
SUBARU,TRIBECA,
SUBARU,WRX,
SUBARU,XV,
SUZUKI,AERIO,
SUZUKI,ALTO,
SUZUKI,APV,
SUZUKI,BALENO,
SUZUKI,CARRY,
SUZUKI,CELERIO,
SUZUKI,CIAZ,
SUZUKI,ERTIGA,
SUZUKI,IGNIS,
SUZUKI,JIMNY,
SUZUKI,KIZASHI,
SUZUKI,MARUTI,
SUZUKI,NOMADE,
SUZUKI,S-CROSS,
SUZUKI,SAMURAI,
SUZUKI,SWIFT,
SUZUKI,SX-4,
SUZUKI,VITARA,
SUZUKI,WAGON R,
SUZUKI,XL7,
TOYOTA,4RUNNER,
TOYOTA,86,
TOYOTA,AE-86,
TOYOTA,AGYA,
TOYOTA,AURIS,
TOYOTA,AVALON,
TOYOTA,AVALAN,
TOYOTA,AVENSIS,
TOYOTA,CALDINA,
TOYOTA,CAMRY,
TOYOTA,CARINA,
TOYOTA,CELICA,
TOYOTA,COASTER,
TOYOTA,COROLLA,
TOYOTA,CORONA,
TOYOTA,CORSA,
TOYOTA,CRESSIDA,
TOYOTA,CROWN,
TOYOTA,DUET,
TOYOTA,ETIOS,
TOYOTA,FIELDER,
TOYOTA,FJ CRUISER,
TOYOTA,FORTUNER,
TOYOTA,HIACE,
TOYOTA,HIGHLANDER,
TOYOTA,HILUX,
TOYOTA,LAND CRUISER,
TOYOTA,LEVIN,
TOYOTA,PLATZ,
TOYOTA,PREMIO,
TOYOTA,PRIUS,
TOYOTA,PROBOX,
TOYOTA,RAV4,
TOYOTA,SEQUOIA,
TOYOTA,SIENNA,
TOYOTA,SPRINTER,
TOYOTA,SPRINTER CARIB,
TOYOTA,STARLET,
TOYOTA,STOUT,
TOYOTA,SUCCEED,
TOYOTA,TACOMA,
TOYOTA,TERCEL,
TOYOTA,TOWN-ACE,
TOYOTA,TUNDRA,
TOYOTA,URBAN CRUISER,
TOYOTA,VITZ,
TOYOTA,WISH,
TOYOTA,YARIS,
TOYOTA,ZELAS,
VOLKSWAGEN,1200,
VOLKSWAGEN,1600,
VOLKSWAGEN,17.210 OD,
VOLKSWAGEN,AMAROK,
VOLKSWAGEN,AMAZON,
VOLKSWAGEN,BEETLE,
VOLKSWAGEN,BORA,
VOLKSWAGEN,CABRIOLET,
VOLKSWAGEN,CC,
VOLKSWAGEN,CROSSFOX,
VOLKSWAGEN,DERBY,
VOLKSWAGEN,ESCARABAJO,
VOLKSWAGEN,ESCARABAJO CABRIOLET,
VOLKSWAGEN,FOX,
VOLKSWAGEN,GOL,
VOLKSWAGEN,Gol Crossover,
VOLKSWAGEN,GOL STATION,
VOLKSWAGEN,GOLF,
VOLKSWAGEN,GOLF GTI,
VOLKSWAGEN,GOLF VARIANT,
VOLKSWAGEN,GTI,
VOLKSWAGEN,JETTA,
VOLKSWAGEN,KOMBI,
VOLKSWAGEN,MULTIVAN,
VOLKSWAGEN,NEW BEETLE,
VOLKSWAGEN,PANEL,
VOLKSWAGEN,PASSAT,
VOLKSWAGEN,PASSAT CC,
VOLKSWAGEN,POLO,
VOLKSWAGEN,Polo Sedan,
VOLKSWAGEN,QUANTUM,
VOLKSWAGEN,RABBITT,
VOLKSWAGEN,SCIROCCO,
VOLKSWAGEN,SAPACE FOX,
VOLKSWAGEN,TIGUAN,
VOLKSWAGEN,TOUAREG,
VOLKSWAGEN,TRANSPORTER,
VOLKSWAGEN,VANAGON,
VOLKSWAGEN,VARIANT,
VOLKSWAGEN,VENTO,
VOLKSWAGEN,WORKER,
VOLVO,850,
VOLVO,940,
VOLVO,960,
VOLVO,S40,
VOLVO,S60,
VOLVO,S80,
VOLVO,V40,
VOLVO,V60,
VOLVO,VM,
VOLVO,XC60,
VOLVO,XC90,
